1	2eb257
2	ef0014
3	eb2eab
4	e43234
5	e4d5f0
6	c7c165
7	e8e5ba
8	18ce8e
9	8d565d
10	fc52c3
11	e66e98
12	63eabe
13	63b110
14	98a450
15	43b131
16	d95cef
17	d5bb75
18	264d98
19	3f419e
20	598682
21	71654e
22	568aed
23	a7bcd3
24	67c47b
25	018b7b
26	2af53e
27	6ca385
28	ac1dec
29	3d9571
30	4be6d6
31	89ad8d
32	d76101
33	ae7e21
34	a6009f
35	804f2f
36	707219
37	bd51da
38	c36496
39	e1e572
40	b109e4
41	17659b
42	bcda0b
43	88ce66
44	f10e24
45	b96545
46	4d64fc
47	2886d7
48	866e99
49	93ea99
50	22889f
51	705658
52	d0e009
53	cc61f3
54	7c3368
55	58d18e
56	684da0
57	07d889
58	162d33
59	6cd981
60	15acc8
61	bba421
62	977c95
63	e0df26
64	da0438
65	729bfc
66	f5ed35
67	289514
68	fcd0cb
69	b5e1fd
70	abcb28
71	8dbc4d
72	813e55
73	8d9e79
74	a2f858
75	4725c5
76	ca5827
77	748bdb
78	05c3ec
79	7085e8
80	84fb6a
81	624ec5
82	f5e60c
83	79ae7e
84	873382
85	22569e
86	362df2
87	9509b0
88	409586
89	bdf65a
90	035fe8
91	80de52
92	79bb28
93	2c1b69
94	dbb9e9
95	37f784
96	1904da
97	736e84
98	d48247
99	e96766
100	0b7f39
101	772d4a
102	e94cd5
103	4e0d04
104	8e181d
105	e643a7
106	100114
107	7da081
108	82f01b
109	682ce0
110	660232
111	b8b8bf
112	9995eb
113	001c7b
114	b08d6a
115	88f6f4
116	a05f9a
117	04ac4b
118	6bea13
119	39e951
120	3f6100
121	19cc35
122	c919ce
123	760ef8
124	7d6441
125	b00fb2
126	14208d
127	e7e546
128	91ef61
129	fd9574
130	6d238a
131	ffd04f
132	a98d17
133	b39713
134	9007e5
135	c031b5
136	2d35cd
137	b34060
138	836e29
139	20d2db
140	dae847
141	d26251
142	74390c
143	e45af2
144	b11a21
145	f595ef
146	521bb9
147	4ec3af
148	49e471
149	20a892
150	e47299
151	de7743
152	ec730f
153	a6f3bf
154	f7c912
155	a87bfb
156	d7abaf
157	0f51c2
158	d4dff2
159	635ff1
160	f6c767
161	9e7914
162	b0b584
163	a0b4e1
164	e8a800
165	ba16e0
166	1195cc
167	c5b3dd
168	2fdcfb
169	7f04ed
170	b69c6f
171	37ee23
172	c31ed4
173	e7cf95
174	4af157
175	8b7a66
176	1e27a5
177	14a7fc
178	576079
179	9d54fc
180	9fdde9
181	377b00
182	2c1df7
183	b23e4f
184	ee678b
185	608c5d
186	7cf6e0
187	3cc27e
188	21db77
189	aa06d3
190	696e2f
191	18c592
192	8ddc50
193	de7449
194	5b3bef
195	24c55e
196	1af134
197	482000
198	69f61f
199	bdaa60
200	3cd982
201	1ba9a5
202	d3a43a
203	ecea59
204	04150e
205	f45e1f
206	9df8cf
207	57e72d
208	c609b7
209	432c7a
210	191912
211	23e2de
212	43f5ac
213	08b495
214	873612
215	838ce0
216	811f2c
217	789701
218	a760ab
219	5c57b4
220	6a68f6
221	84df43
222	5c3acc
223	cc5b0f
224	2099fb
225	6308d6
226	c186aa
227	e54fd4
228	10b25b
229	3038f0
230	dd3ddc
231	67ad47
232	a48dfc
233	b9191c
234	067866
235	c5c935
236	4a3a21
237	39244b
238	e84ea6
239	5be165
240	0f7a09
241	90afaa
242	3c603b
243	3f6d76
244	8a1796
245	285ad1
246	3afbcf
247	cb873d
248	5927bb
249	47a181
250	704b52
251	6b688b
252	e7d226
253	beca0b
254	ec940f
255	5fab8e
256	166f82
257	c8adf8
258	a7a432
259	e0a9a8
260	43045a
261	f150c9
262	e51196
263	319489
264	91a52d
265	2b1e3e
266	706019
267	83d499
268	a359fa
269	1f75ae
270	2dcd7a
271	7163e0
272	04c17d
273	2b0df8
274	8f6fc5
275	30ca20
276	9cb4cf
277	1e071f
278	beb873
279	7973ea
280	278d18
281	b03da4
282	58e3b6
283	e014ec
284	6acf28
285	7909a2
286	1e8f71
287	25446b
288	de3a4f
289	74df91
290	fbd944
291	ed1338
292	072057
293	5fa68e
294	3b1ba0
295	aa875e
296	58264e
297	f3cd1f
298	a3a470
299	e6b0c5
300	0bc79d
301	8c3fd5
302	af938b
303	c8f301
304	f3689c
305	ebccfc
306	fae70e
307	de35ba
308	8242a0
309	01785a
310	4a7153
311	6909aa
312	6df609
313	deb9d3
314	2b8ab6
315	37eb01
316	4ab9d1
317	4e6632
318	533314
319	9c4225
320	842ec0
321	f2bad6
322	eaf097
323	1de49d
324	406d95
325	66294e
326	392758
327	b72877
328	ec9be0
329	57fceb
330	114cb4
331	4a4e51
332	b0327a
333	e81841
334	b6c7bd
335	78fb5c
336	54e94f
337	25f1fd
338	5965d0
339	204a15
340	9b82e0
341	9e35fd
342	28b144
343	7641e3
344	67f8bb
345	d69ea5
346	9532d7
347	3dd9c9
348	238c37
349	eacb8a
350	0a9c6f
351	ad7123
352	aa3e94
353	950dd3
354	b59efa
355	795e48
356	309570
357	f7e508
358	214c4e
359	04e9f0
360	b41727
361	e3a402
362	468885
363	ba3609
364	2fcd53
365	186012
366	7a6870
367	7f6ad0
368	f028a8
369	ab50f1
370	6396bd
371	bc181c
372	ded85e
373	e76c5f
374	d7454a
375	f69b44
376	bb0495
377	28c8c5
378	f7809f
379	f1fd5b
380	3a73be
381	3dd3ee
382	862df7
383	1f5d9a
384	ff04b2
385	c17f2c
386	da7bb8
387	d952c9
388	706214
389	856575
390	803dc7
391	6893f7
392	71e33c
393	2b927a
394	5ae7a3
395	aa78e0
396	091462
397	86ed17
398	ac190e
399	08391a
400	d08dc7
401	3bf56b
402	fea8a9
403	230d1c
404	ea83c1
405	f6bed6
406	502fd1
407	9d8c13
408	48afa0
409	6566ee
410	90ed72
411	016ff3
412	43bd80
413	229f19
414	4c5ea9
415	f2c73b
416	fb1872
417	434f8c
418	1cee84
419	cdb87a
420	a1bc53
421	9abfa3
422	75933a
423	cb3d66
424	720ad2
425	d72b82
426	f2ed00
427	51a9f6
428	f53752
429	dae97c
430	c1ecbc
431	362d0b
432	97e16c
433	a53d0b
434	5e6ccd
435	0a9001
436	b74988
437	b10449
438	69a379
439	7f6837
440	e333b7
441	4c1cb0
442	9dbf74
443	0de34b
444	419983
445	3c9794
446	f09af6
447	281a4f
448	6dc225
449	45f6d7
450	5b3d0c
451	dbbbb0
452	ba939b
453	3a6f62
454	d438db
455	6cb661
456	49f0f4
457	5decad
458	0ed4c8
459	4751c3
460	937edc
461	f1516d
462	85c50b
463	f1df47
464	f64acf
465	5eca59
466	1f443b
467	b24c4f
468	5b585e
469	82de21
470	ca7d76
471	5568db
472	39945e
473	f95869
474	d99a0f
475	312c76
476	18e802
477	8f88b2
478	02c195
479	2f3219
480	6c677d
481	3d5f01
482	b69400
483	021556
484	dc7ff9
485	8506d6
486	1dec8a
487	dfed4b
488	cc2d90
489	88ed25
490	e106e3
491	0c9947
492	06e128
493	2b974c
494	c5b787
495	82ae87
496	c03731
497	fd71b5
498	9a2c3f
499	f32ab1
500	b73282
501	c92c52
502	009604
503	e55fa3
504	57d3dc
505	827ce2
506	a2ceae
507	578505
508	17ef23
509	06bc2c
510	800a65
511	d119ed
512	1f92c2
513	0bf957
514	f2c7d0
515	158712
516	ce8cbe
517	5c7524
518	6e4856
519	db62eb
520	d5707c
521	f4683c
522	d180e2
523	2863a0
524	6a164b
525	084765
526	46ac30
527	ff68bb
528	a56f10
529	322d07
530	f725cc
531	bf586c
532	da25e1
533	666cf5
534	940e91
535	ad85cb
536	f81bdb
537	842712
538	e7eb98
539	168f53
540	de4d84
541	e9689d
542	ff3c20
543	12f8e5
544	d5cc5c
545	b0fca8
546	608d66
547	d5d3ba
548	413f3b
549	c53f89
550	ad9fdc
551	83c389
552	01e86e
553	a41f39
554	b272dd
555	09c88a
556	d31176
557	d9f3c2
558	40c648
559	ebccd0
560	26d53f
561	208fd6
562	eda4c7
563	92a8fa
564	f6b361
565	a8bd9d
566	ba2fe4
567	baa065
568	e11a65
569	516755
570	2fe5bc
571	5619bb
572	dcd1b6
573	77475b
574	ece30b
575	9f4280
576	8b109e
577	47f85c
578	d101d0
579	6615f0
580	9fe558
581	0bf9e1
582	ee70f5
583	8f5516
584	a071a9
585	5f6351
586	e63953
587	1f3f2c
588	41997b
589	a46d71
590	9a45b1
591	141924
592	8964f0
593	aa43ef
594	0ae119
595	7e7085
596	ffa249
597	07e34b
598	d702cc
599	d2c999
600	df5442
601	5e95fc
602	b3ef87
603	48ff30
604	fdf0f3
605	2e6a46
606	1cff1e
607	f9a915
608	a5d8d3
609	00e384
610	b3a6c5
611	f881a2
612	c582ac
613	baf613
614	d93d02
615	f9a9bd
616	66627d
617	f9e3c3
618	992925
619	9b9c4b
620	f4c6f6
621	fc0ba1
622	7dd966
623	9c9445
624	0a66f2
625	4cbfc8
626	82c1db
627	06df6d
628	f3bbae
629	eebb53
630	46bda0
631	d5e620
632	f7623e
633	4fc876
634	7338ef
635	209340
636	11f45b
637	e09624
638	fa0a1f
639	219283
640	1f54b6
641	1fb70f
642	3c1d5c
643	4867a2
644	5dd9ca
645	0bca60
646	dee390
647	cd35d7
648	bf167c
649	376a56
650	026691
651	66fa13
652	767625
653	968ab0
654	e7513d
655	4f8d45
656	8e496f
657	ad8eb2
658	c8eafd
659	deb42b
660	42bc94
661	98eeb4
662	d5169c
663	f79a0e
664	4ae4fa
665	b7fd2f
666	f9a5c0
667	f21270
668	aac6fc
669	78ddc5
670	bb4881
671	2b4674
672	914e66
673	ab1117
674	d2d56a
675	5b07f4
676	eceb7d
677	fd1bc0
678	e84170
679	43a707
680	e2afbd
681	4b5077
682	832b01
683	94590c
684	ab1bee
685	8ff745
686	a7981b
687	c7000f
688	339811
689	876c56
690	813d48
691	597dc6
692	c64e85
693	1bbb8d
694	8e0eae
695	19003d
696	a3c489
697	3c3f9b
698	a3f6cb
699	ceadbe
700	bfbeeb
701	e3c83e
702	eff661
703	a90dd9
704	4ce56f
705	ab61e5
706	cc74d5
707	92aaef
708	d0ccd6
709	8de46f
710	f6186b
711	c37b67
712	7b8cfb
713	8ef15c
714	50c8ac
715	737cb2
716	2c55f1
717	9854df
718	218982
719	a04e03
720	b845da
721	16b8fe
722	e59c36
723	b89fd1
724	bd1a25
725	9fe3bd
726	74ce8a
727	108e42
728	239e13
729	7472b9
730	71b00f
731	3e5ee8
732	44d51c
733	da6b8d
734	da3ae6
735	72688c
736	207191
737	e3096f
738	22538b
739	a00677
740	aa831b
741	6d8383
742	07df95
743	585513
744	eec1ea
745	44a11d
746	bff62c
747	4e0f68
748	1e967c
749	beab53
750	1c5a70
751	d2cf37
752	f91869
753	282fac
754	c4d8a2
755	6ef57a
756	6b268e
757	dc0187
758	38d9ec
759	02f2ae
760	0ec8f6
761	420fff
762	cfb0c2
763	a8cb54
764	022f43
765	901440
766	d77584
767	a40cf0
768	fbb095
769	664895
770	e49e27
771	23183a
772	e78732
773	8992c7
774	76df32
775	84890e
776	6160fe
777	45ad8a
778	1759a5
779	fac502
780	8f0ec6
781	05d647
782	f3588f
783	1b250c
784	5fdc4f
785	653503
786	3be22a
787	cde0d5
788	f7e530
789	b6eebb
790	982172
791	2c1237
792	1b749a
793	aff9db
794	7cbd4d
795	0380a9
796	967657
797	aabc0f
798	e7ebaf
799	00532f
800	f0f494
801	abf87e
802	e861be
803	7d9f2e
804	fd0d39
805	6bdf5a
806	74b268
807	d890a3
808	c1f6e4
809	062d12
810	78fdca
811	87cdae
812	a33153
813	382a34
814	ac39d0
815	9cd3d7
816	72b007
817	2b50f6
818	727332
819	3828da
820	b07fd9
821	6d848c
822	290361
823	b44dd8
824	1e6040
825	6beffb
826	6169cb
827	98e3aa
828	151847
829	b93328
830	e10fc6
831	234258
832	3b1b79
833	5c0a4e
834	2a5596
835	c93404
836	c6df1b
837	203c75
838	6feb00
839	0e205f
840	482c1a
841	d25e78
842	2abefe
843	c59e88
844	30fc55
845	636e00
846	e994fa
847	531d3d
848	8a40d2
849	5f4aba
850	9c992c
851	12164f
852	904aa5
853	b84190
854	d7c51c
855	65bb9a
856	6677d6
857	9cbc1a
858	3d7483
859	bf44bd
860	e6b6c9
861	8f6f6e
862	483a2a
863	73f5a7
864	acb514
865	d0b71a
866	2ab43c
867	bebcfa
868	b2c234
869	5b599c
870	021e90
871	60ede5
872	b36b1d
873	5cd6de
874	167dba
875	3dae6b
876	aebde6
877	010806
878	66df92
879	5549e7
880	628723
881	2114aa
882	c18c47
883	b064c4
884	96e1b5
885	ca8d70
886	e105fe
887	9a1d4c
888	a90f15
889	a59426
890	4e7509
891	5b6b3f
892	92388d
893	b20087
894	57ebc2
895	4e2205
896	b4e01a
897	a9609e
898	b055e2
899	c482ff
900	2fa2e9
901	5dc291
902	a045bb
903	bdf6e3
904	7e059d
905	b3be7e
906	e9ed53
907	a74378
908	f88401
909	286c9c
910	7cea6d
911	661be5
912	1d16fc
913	479936
914	e651c4
915	b9f7ec
916	66a03e
917	8538eb
918	bed85a
919	7c6b50
920	c9059b
921	a652ea
922	1c495e
923	0389d6
924	e41345
925	db6d63
926	e13820
927	1166b3
928	c72943
929	2bcc39
930	4336df
931	b10e7b
932	b80fc4
933	2a095c
934	cf9198
935	f2223b
936	39a1a4
937	d79665
938	2dc16d
939	1be691
940	169f62
941	596ba7
942	1a5613
943	110cce
944	b157ab
945	56a2e4
946	6a7302
947	7659d2
948	e7a1d2
949	2db625
950	33eca8
951	92c437
952	260978
953	39ed38
954	ad2c55
955	d8d0a3
956	574bd8
957	b05e15
958	b74019
959	f880d5
960	310d9d
961	28643f
962	0af9ba
963	d637e1
964	469bae
965	4a59e1
966	2a7420
967	0daef1
968	a3040e
969	4436bc
970	4c9e1c
971	e9c332
972	53b026
973	fff0cd
974	9feaaa
975	fe4ca1
976	ba1cb2
977	552841
978	74a96b
979	029c70
980	9bad62
981	0abe08
982	f09f53
983	709e94
984	253076
985	f2cb6c
986	c923d0
987	5fe3e5
988	012309
989	a4a1f0
990	18bb5d
991	fa2494
992	75b836
993	f116bd
994	5ff085
995	0e89b4
996	90dad3
997	f04a5b
998	ad9a94
999	0afb47
1000	5d4814
1001	33357d
1002	cb7857
1003	e982de
1004	7d0f51
1005	8443d9
1006	104332
1007	793fe3
1008	dcc632
1009	f9ac3c
1010	511d76
1011	3990a3
1012	ab3f20
1013	1a4caa
1014	f9f3a2
1015	b1c271
1016	b346a1
1017	6e9daa
1018	34aa2a
1019	30d586
1020	c1bf19
1021	b721be
1022	c9da11
1023	261644
1024	55966e
1025	1fa3b9
1026	3aedf7
1027	58016e
1028	b07a57
1029	a67c71
1030	7c499d
1031	eaf3aa
1032	9a0d3a
1033	8dfcd3
1034	95009b
1035	8aec8b
1036	6e0dad
1037	881c1e
1038	1b0834
1039	0c8035
1040	72a859
1041	57904b
1042	1c7323
1043	a6183c
1044	6ae7a1
1045	e190f4
1046	494e6c
1047	5953f6
1048	8a3237
1049	dcd2a4
1050	14429f
1051	6f12e0
1052	45e099
1053	a960a0
1054	6ca5d3
1055	324f1e
1056	9a115e
1057	3e08b4
1058	f4e7d2
1059	e4a9c9
1060	4cc129
1061	1fa037
1062	4af112
1063	c49b84
1064	05945c
1065	675d8b
1066	352a53
1067	7e5052
1068	9635ad
1069	958293
1070	5cfb57
1071	e4063b
1072	1e79e5
1073	e4680c
1074	25bdca
1075	cc7b73
1076	1d2e84
1077	6ac7d4
1078	075b18
1079	0e81b0
1080	29d3d9
1081	ba88f8
1082	377227
1083	bf4fb6
1084	6bb75e
1085	7e0f95
1086	dda4ce
1087	0ce4c0
1088	0fe0e5
1089	eec202
1090	f495b4
1091	684298
1092	595091
1093	2e8406
1094	acd2bc
1095	20d3c4
1096	e04da0
1097	0e3404
1098	58cf02
1099	c2d9d2
1100	c8abb8
1101	d2c898
1102	6577ec
1103	e2a85a
1104	ae8b89
1105	98c216
1106	847432
1107	834994
1108	317866
1109	0808cc
1110	4bd929
1111	e5bfb2
1112	c9fe8d
1113	553bca
1114	7b4ea6
1115	147ce6
1116	67cdc5
1117	9aa849
1118	2642f9
1119	1c5031
1120	e6d739
1121	8c6e63
1122	d81f90
1123	ccad39
1124	a97a1b
1125	de41c6
1126	ab586b
1127	82af1e
1128	4e1bc0
1129	fc73ad
1130	640ff2
1131	bcb513
1132	e60b7d
1133	702c5b
1134	bc4329
1135	910cc2
1136	70ffd0
1137	77a2a7
1138	7ba57f
1139	88b376
1140	63a5fc
1141	d6b44e
1142	9aec4c
1143	863bd5
1144	548fcc
1145	47f469
1146	8787c3
1147	f094fb
1148	f994e2
1149	f385a4
1150	315f03
1151	22d34c
1152	5c62f8
1153	0d35f7
1154	f9e8f1
1155	b73d7c
1156	ba4a81
1157	a9e982
1158	31bffd
1159	ec7f4b
1160	0afe82
1161	d655e5
1162	57c8ac
1163	890ead
1164	f45973
1165	ccbec6
1166	0e8c85
1167	2ba598
1168	be4a4d
1169	9c02ae
1170	ec3b75
1171	204fdc
1172	c4a984
1173	6c364d
1174	43bd51
1175	d68f75
1176	cd7da7
1177	a9cbbb
1178	da91b8
1179	411971
1180	670bdd
1181	11ecd5
1182	8b5b3a
1183	d91553
1184	b303c2
1185	35c5c9
1186	412961
1187	e5e6d0
1188	3dcf3a
1189	7ec96c
1190	6f18eb
1191	ce7fcc
1192	742045
1193	7c4ea8
1194	1e91e6
1195	1aba42
1196	12e97e
1197	4d1f47
1198	9ad181
1199	4d6aa0
1200	2a60ab
1201	1f43df
1202	d692e8
1203	239450
1204	0e680a
1205	cdd648
1206	2ef12f
1207	b0e788
1208	04db44
1209	8b81b8
1210	e2c9c0
1211	447fe8
1212	5de9c1
1213	845065
1214	94ac09
1215	f71963
1216	e12dfd
1217	8963f7
1218	b2f50c
1219	9a4e76
1220	d9ce1b
1221	0a7a70
1222	a23d79
1223	740c44
1224	897d39
1225	e9139d
1226	584c5f
1227	1e9aed
1228	507037
1229	a61933
1230	ede326
1231	33d52b
1232	604497
1233	4d61b1
1234	855718
1235	adcf75
1236	5ffbfd
1237	9085aa
1238	a79d95
1239	b13b54
1240	05ebff
1241	ef8801
1242	161f2a
1243	6401b9
1244	30e17c
1245	47a741
1246	763792
1247	0dd094
1248	c7015e
1249	74098a
1250	1c263a
1251	c61302
1252	007651
1253	6dee89
1254	a554c2
1255	a9c594
1256	863947
1257	c433eb
1258	5ff2b0
1259	91e859
1260	620bfe
1261	5db257
1262	ad4ecb
1263	eac3f7
1264	836117
1265	db8f80
1266	00b97d
1267	3be129
1268	3b9499
1269	2e8bae
1270	b99f3c
1271	c14bfa
1272	12b608
1273	c02258
1274	64423b
1275	215f1c
1276	193055
1277	db7ba8
1278	f50d92
1279	bff949
1280	d664e6
1281	ddc756
1282	f6e220
1283	10dafe
1284	a1609f
1285	d7a422
1286	4aa8af
1287	b7769c
1288	e3b87e
1289	51b967
1290	98cf8d
1291	6262a2
1292	1d1b35
1293	c2fd7e
1294	d33f07
1295	841ee8
1296	29d553
1297	c02483
1298	edaf48
1299	1043c1
1300	c506b1
1301	ee51f4
1302	877d17
1303	16b559
1304	b705c3
1305	78e7e5
1306	00ba73
1307	373698
1308	336015
1309	0e45aa
1310	f4d55d
1311	3bc72c
1312	044e53
1313	cc7016
1314	06557a
1315	463073
1316	b440b0
1317	c13059
1318	e4544f
1319	badb43
1320	7f6147
1321	45c989
1322	80508c
1323	e2dc69
1324	9874a5
1325	dc0658
1326	716e5f
1327	d5d5f3
1328	bb947b
1329	04549e
1330	a10b1a
1331	10cf15
1332	80c627
1333	6de7b8
1334	6d251d
1335	f36c52
1336	e89a52
1337	666c85
1338	47cb3f
1339	f2bd47
1340	7cfcc9
1341	2b0fbf
1342	eb8f09
1343	b9de97
1344	2a3778
1345	a87f1f
1346	6ba94c
1347	0c601f
1348	d5c8ab
1349	1f570b
1350	e08a6f
1351	094002
1352	c6b912
1353	6db15d
1354	d20ce1
1355	d5bbff
1356	cb7bea
1357	fe8e6d
1358	4eb4b2
1359	1268bc
1360	d2e5cc
1361	cb5f21
1362	902f3f
1363	429d00
1364	965058
1365	e57dce
1366	848acd
1367	6bdbcd
1368	2288ab
1369	9439ae
1370	384c41
1371	11ec34
1372	284f92
1373	5836b2
1374	80435d
1375	41cb90
1376	1519b1
1377	939a55
1378	446ac9
1379	a29341
1380	5d7f6d
1381	954b76
1382	3aa801
1383	492e4d
1384	072a42
1385	791ce8
1386	10c7c4
1387	0974b8
1388	b655eb
1389	d90951
1390	f6602e
1391	007488
1392	30f35e
1393	0951f4
1394	768a4d
1395	3c5b69
1396	2aac0e
1397	65b1e8
1398	d2554d
1399	d8acba
1400	3834ac
1401	bce6bd
1402	5fb8c4
1403	b8ab96
1404	be6090
1405	786571
1406	e90850
1407	08c6bc
1408	4ac89a
1409	97e879
1410	90c688
1411	6b4f9a
1412	b0a50d
1413	30b511
1414	138ab1
1415	c10dcd
1416	13bce1
1417	598c85
1418	b999a8
1419	635c41
1420	6d463e
1421	7ad112
1422	1619a4
1423	538b9b
1424	e87793
1425	b5fb18
1426	62d158
1427	863f88
1428	b1b78f
1429	57d7e5
1430	bd69a0
1431	71ed7f
1432	66b012
1433	46cb39
1434	72cb85
1435	80c43d
1436	d65a27
1437	de1105
1438	661484
1439	89ef1c
1440	41e7cc
1441	a624b9
1442	feed20
1443	36ca7b
1444	8c98e4
1445	a07d49
1446	422bff
1447	328f06
1448	d95921
1449	d3d261
1450	0ec532
1451	e4c855
1452	548775
1453	b0db26
1454	49d9b6
1455	7098e8
1456	a8eb1c
1457	1db1f1
1458	c1ec07
1459	d8b616
1460	d1a6e7
1461	ee479b
1462	c748bb
1463	892d3d
1464	2dde02
1465	c4b03c
1466	a424be
1467	ed3453
1468	e94256
1469	629229
1470	3286b7
1471	959157
1472	969380
1473	1d3912
1474	8a25f5
1475	7296fc
1476	ecb0e6
1477	8bdc62
1478	684a48
1479	59571a
1480	add66c
1481	ab23e1
1482	abe70e
1483	28905e
1484	e11b1d
1485	b9dca9
1486	a9fe33
1487	2e19cc
1488	24678c
1489	61fbb4
1490	efbaaa
1491	861d34
1492	5fd028
1493	0ac40c
1494	266d28
1495	6ffe26
1496	ed2260
1497	e26f8d
1498	624cde
1499	a42459
1500	4d9faa
1501	daeeab
1502	f2f3f8
1503	f890c5
1504	41bc29
1505	e4f991
1506	fdbcd2
1507	fb5d61
1508	8798d1
1509	3a9bc1
1510	ac8746
1511	fd2c5e
1512	b1bc43
1513	d787eb
1514	ec970b
1515	c411d5
1516	fd10ff
1517	760605
1518	36bd8a
1519	1fce58
1520	3058ca
1521	97cf0c
1522	206503
1523	a2f91c
1524	cd82ed
1525	7aee5b
1526	d032e9
1527	e539d5
1528	366146
1529	1993e2
1530	68649a
1531	ec5dad
1532	220f0a
1533	26d098
1534	dba2a7
1535	31cae8
1536	561b70
1537	71c230
1538	4a8b70
1539	8b6b92
1540	5477e4
1541	cb6764
1542	cd4fc0
1543	d2a450
1544	00fc61
1545	8e0894
1546	e32725
1547	98e5c6
1548	b6e424
1549	180b2e
1550	a0d603
1551	0041df
1552	de5534
1553	46c51c
1554	340131
1555	394474
1556	e7b496
1557	6e94a0
1558	514e19
1559	fac6d8
1560	aa1648
1561	55e746
1562	ebdf2f
1563	87d739
1564	73d445
1565	6a03e8
1566	d1a264
1567	00602e
1568	e6199f
1569	12ef96
1570	d2b255
1571	0c5855
1572	62bc9f
1573	9ae6dc
1574	6e414a
1575	37699f
1576	85076f
1577	b3e83b
1578	23e56e
1579	a51cc5
1580	9538cc
1581	3ef2a2
1582	188a37
1583	1c2307
1584	b3781d
1585	a2842e
1586	7a5683
1587	32e964
1588	e51b1b
1589	16cf8c
1590	7d75c1
1591	698a63
1592	69764b
1593	5c065b
1594	8de51a
1595	720b0b
1596	ba3a6d
1597	26ae57
1598	9382f3
1599	84999e
1600	0a2929
1601	da7631
1602	d66291
1603	1ffbf3
1604	03fc48
1605	f19946
1606	6d26da
1607	8396aa
1608	885a1e
1609	40d515
1610	080468
1611	556068
1612	c5250d
1613	297aa2
1614	46aefe
1615	d285ad
1616	1d685b
1617	b7d8aa
1618	29c03d
1619	b8748a
1620	768e89
1621	719057
1622	c2ee9a
1623	d98ca0
1624	88a693
1625	7483bb
1626	c78a5f
1627	0a4253
1628	e4b404
1629	6ffb30
1630	ca4cd5
1631	b5ac9d
1632	ad9725
1633	f5d038
1634	987673
1635	49e226
1636	ec569d
1637	b10529
1638	13a705
1639	c6a7c9
1640	7ee8ba
1641	aae99a
1642	884bc4
1643	572dfd
1644	433112
1645	2b3400
1646	8b9dcd
1647	fd8772
1648	b18114
1649	c2cc23
1650	01d349
1651	b75991
1652	5cd88b
1653	8750ab
1654	7843c5
1655	80a34a
1656	7537ca
1657	5e803a
1658	4bab89
1659	a05fb2
1660	38d05b
1661	512e7c
1662	dfc67a
1663	78e273
1664	154997
1665	da2c75
1666	089b75
1667	e4c098
1668	908c29
1669	edbfd8
1670	4920bf
1671	71331b
1672	de17e7
1673	306078
1674	35294e
1675	02bccb
1676	2bcb41
1677	069d97
1678	d04b93
1679	0a7fbe
1680	c77574
1681	ff669b
1682	e444f2
1683	5ca6b1
1684	c1158d
1685	ed2cd2
1686	75e3a8
1687	526ca7
1688	8ed3b0
1689	d1e4c1
1690	d4961a
1691	c81070
1692	a39b31
1693	09c16e
1694	6c4c01
1695	1b985e
1696	3c3eb0
1697	9a747d
1698	9ef8f9
1699	baf6d2
1700	a23227
1701	d34471
1702	735dbc
1703	a05d27
1704	79de09
1705	1b38ac
1706	5da011
1707	bfd6f6
1708	044982
1709	2f7481
1710	256925
1711	186f8b
1712	326bba
1713	7e4711
1714	d75b79
1715	b312bb
1716	345364
1717	0c253b
1718	c9a40e
1719	61a1ff
1720	f6749e
1721	161e5b
1722	e3d971
1723	a2e78f
1724	f32858
1725	e92c8e
1726	1f4dc5
1727	4835b8
1728	f76cad
1729	b1b375
1730	269de3
1731	a36651
1732	3f55b3
1733	5515cb
1734	bc6963
1735	e96b1c
1736	16140e
1737	e09efb
1738	8a0966
1739	5623a8
1740	850c29
1741	c2dc20
1742	145a9e
1743	12b34d
1744	0297a2
1745	953692
1746	bac952
1747	b49e93
1748	07d154
1749	e4908a
1750	7d64ce
1751	54a60b
1752	ec2f57
1753	fa8da4
1754	b4e9c8
1755	844fe1
1756	5f3f54
1757	885ae3
1758	84138f
1759	449bce
1760	3dad11
1761	3feb9b
1762	8cc112
1763	1340c5
1764	f56732
1765	92f856
1766	46cd6f
1767	b0893f
1768	81492b
1769	e948a8
1770	6453c3
1771	3e3956
1772	4d0d97
1773	59287e
1774	910f59
1775	36ae63
1776	f364a6
1777	1a69a0
1778	044d8e
1779	d0fedf
1780	f18f92
1781	ab344b
1782	e69b52
1783	2d668c
1784	014b64
1785	528528
1786	9fe335
1787	f3a1a7
1788	9496be
1789	e70128
1790	467fae
1791	0a632b
1792	edb1cb
1793	ac88eb
1794	032ba7
1795	3376ca
1796	0e3043
1797	1d6a9e
1798	efd024
1799	96d86c
1800	23df25
1801	e1b1a1
1802	cfd77d
1803	508be3
1804	f61507
1805	701acb
1806	f21df0
1807	e593e6
1808	109dd3
1809	6eab28
1810	411466
1811	e36a02
1812	805d7d
1813	1eaffb
1814	2984ff
1815	74cb28
1816	221698
1817	c852c7
1818	4316e2
1819	c2a18a
1820	9de415
1821	18fef7
1822	0413ea
1823	5f8435
1824	617c84
1825	2e020d
1826	e44afb
1827	8e02e3
1828	192706
1829	d982e9
1830	06f84d
1831	934d22
1832	e8f1e4
1833	cdee45
1834	44563c
1835	522dba
1836	6aadb2
1837	fb96ea
1838	4ad3f5
1839	469da9
1840	bbd15c
1841	85c800
1842	7d88c7
1843	4eecf3
1844	c8af94
1845	f43a30
1846	18ff65
1847	37f2a9
1848	2bd56d
1849	da82ce
1850	bba19a
1851	05707f
1852	11385d
1853	dc0e52
1854	f9b729
1855	b80f74
1856	479895
1857	db0806
1858	6e1881
1859	41c9a5
1860	e7157e
1861	da669c
1862	1716ad
1863	f350e0
1864	e4d5d8
1865	0ae70a
1866	bceceb
1867	1142c2
1868	4d5d35
1869	acca8e
1870	aeeab2
1871	35a8b4
1872	a1ded6
1873	2127d6
1874	1f419b
1875	fe0ee0
1876	7c2fde
1877	921355
1878	97b311
1879	84d9d0
1880	bfe3ba
1881	b29809
1882	14825c
1883	4783b9
1884	63d6f8
1885	ad076f
1886	249e9a
1887	47bce2
1888	3f1650
1889	0d926f
1890	c503da
1891	a36a0f
1892	36cd24
1893	d68001
1894	cb9b2c
1895	927315
1896	f8c816
1897	092eee
1898	86ed9b
1899	dbcc70
1900	1793e8
1901	a0677f
1902	f12c26
1903	427330
1904	534b7f
1905	f05962
1906	9a0bbd
1907	40dceb
1908	314537
1909	28f08c
1910	98d7e2
1911	d092ea
1912	0b9909
1913	ba02dc
1914	601f11
1915	e42ffa
1916	71f491
1917	b4f3b1
1918	7871d4
1919	f4d868
1920	2438b4
1921	2cc949
1922	51f0a2
1923	6a163f
1924	90ca97
1925	fea1e4
1926	8b86b5
1927	e35ce1
1928	bbb825
1929	8460d9
1930	4eab06
1931	23455d
1932	6d5e4d
1933	3d3d5f
1934	79aaa1
1935	54812f
1936	1a616e
1937	f9cef4
1938	a268a4
1939	05850a
1940	0411e3
1941	3592b0
1942	ff2613
1943	bd627f
1944	e809e0
1945	687dac
1946	0a2b84
1947	d5fbbf
1948	800942
1949	40b238
1950	f18049
1951	f92afa
1952	923660
1953	2c5ab8
1954	c9ff5f
1955	e8b9a5
1956	d7801d
1957	7fde6c
1958	dd2607
1959	6a2acd
1960	20b459
1961	0ecf22
1962	5f5d4b
1963	b839e7
1964	5141e4
1965	2a1a51
1966	ed53ee
1967	a91690
1968	0e2728
1969	34ef20
1970	3d6ed6
1971	ab6b7a
1972	3bb6bd
1973	b7d48b
1974	d5d95d
1975	333fe2
1976	d94f5f
1977	f39d7e
1978	d60d7e
1979	f392ff
1980	b65f74
1981	9eb0c1
1982	7fb913
1983	a585b7
1984	f20905
1985	ea4330
1986	5dafe0
1987	ae09af
1988	e6b372
1989	4a8fc8
1990	aa6ce1
1991	4b71ab
1992	f3bf98
1993	147b08
1994	2f3cf7
1995	2eb345
1996	2d2538
1997	ea126b
1998	900904
1999	69658c
2000	66f8c3
2001	479c75
2002	0bed30
2003	f534ea
2004	b66966
2005	747d90
2006	6cd237
2007	42a124
2008	c16d89
2009	4dda6d
2010	933306
2011	84db1b
2012	ed42d6
2013	0696ae
2014	99ab53
2015	2685be
2016	7b68c0
2017	7c0e2c
2018	e47447
2019	e69353
2020	1278ba
2021	a21224
2022	82b796
2023	fe276c
2024	daeea9
2025	3b636c
2026	01d802
2027	3f6e45
2028	cd5d10
2029	588012
2030	f6ee9e
2031	0b1d18
2032	2cc97e
2033	67b5dc
2034	cbc453
2035	4a6c81
2036	c6ac0b
2037	efbf92
2038	1bcbdb
2039	a7d739
2040	242f17
2041	c492c0
2042	82e26d
2043	bab4e5
2044	97a241
2045	92deb1
2046	2a1c9e
2047	28559a
2048	007241
2049	943c50
2050	48fe45
2051	0c6d84
2052	428b91
2053	df0cb2
2054	6da486
2055	231655
2056	6028b7
2057	d34527
2058	a1ec05
2059	a1ddb7
2060	2dbeeb
2061	35c12c
2062	f76478
2063	1934a0
2064	0f0de1
2065	e4c578
2066	f6a732
2067	d35655
2068	c35220
2069	442c15
2070	652b8c
2071	7670b5
2072	91c9c8
2073	03dbcb
2074	8131bc
2075	ec3b4d
2076	1ce642
2077	73fe9c
2078	4770e5
2079	fa4daf
2080	3bcb4f
2081	69b687
2082	3dfd21
2083	7ba131
2084	1704fd
2085	16c030
2086	add8ce
2087	28703a
2088	2ef691
2089	4550ed
2090	6abf5d
2091	5659ba
2092	cd7683
2093	5b9bfc
2094	c6f54b
2095	4f8be1
2096	c0d12b
2097	686103
2098	c79622
2099	f4e0ed
2100	e741ba
2101	428b84
2102	02544f
2103	ae5604
2104	e238e8
2105	03fd4a
2106	e3e298
2107	b3ad2b
2108	78f3ce
2109	2a246c
2110	2851d0
2111	e83399
2112	ebdb9e
2113	e534c8
2114	ff2593
2115	342e30
2116	fe2ec4
2117	a3207a
2118	4e1584
2119	7e4af4
2120	6bea01
2121	be1fd2
2122	617fcb
2123	909acf
2124	b41d96
2125	b43325
2126	755414
2127	6091b2
2128	86abbf
2129	403c21
2130	15e8c3
2131	93e86f
2132	909242
2133	a63f48
2134	30d282
2135	0daffa
2136	bc653b
2137	8ef102
2138	cacdc1
2139	5417f3
2140	9b5f1a
2141	c1cda4
2142	e23140
2143	f9181b
2144	cf8b1c
2145	83e2d0
2146	8e960b
2147	0282c3
2148	20934f
2149	7eb9ca
2150	876e19
2151	6e04a6
2152	c87ea5
2153	c60c6f
2154	966b8d
2155	0e4ed1
2156	d0e0a4
2157	f86760
2158	0f288f
2159	c8ee64
2160	db498c
2161	8cb09a
2162	e186d3
2163	5cc822
2164	86a73e
2165	ce028f
2166	07b91f
2167	fb7538
2168	9d566b
2169	014c9b
2170	525959
2171	ae6c18
2172	2fa591
2173	4a6b46
2174	ef8ff2
2175	115261
2176	2871cb
2177	e7ef85
2178	3892f0
2179	7d3cd0
2180	4c5bcd
2181	4b08a3
2182	9c89fb
2183	e58a3b
2184	0f051a
2185	c89a32
2186	ea8d26
2187	476d53
2188	8c1aa9
2189	0528ee
2190	acf971
2191	19e964
2192	d23aec
2193	90641c
2194	6ad2b0
2195	3fe32d
2196	fc09be
2197	3eecd6
2198	d69a2e
2199	5a9a7f
2200	218650
2201	8f2617
2202	a87e36
2203	a07dbd
2204	b8e706
2205	87df83
2206	fff8f2
2207	aaa6a6
2208	3fd014
2209	2164ba
2210	9b0663
2211	a1f1e8
2212	5033ed
2213	23c77b
2214	4006c7
2215	636ba0
2216	6a3573
2217	e0bf9e
2218	14ce5f
2219	a23bd2
2220	f5f96b
2221	5ad2d9
2222	921c93
2223	e1927c
2224	21816e
2225	7a0efd
2226	93f680
2227	8bb406
2228	6184f8
2229	cff019
2230	92f19b
2231	083e74
2232	a65d97
2233	13673a
2234	1ecaa3
2235	6b0da0
2236	4bb5fd
2237	b62f0a
2238	c64f09
2239	f02ddf
2240	71b013
2241	68a97e
2242	587c3b
2243	bf80ce
2244	6b73bc
2245	c1af6b
2246	9e326e
2247	d41268
2248	9d37c7
2249	ca25ee
2250	409aeb
2251	84ef60
2252	375954
2253	f70489
2254	7608c8
2255	cd4aab
2256	c06238
2257	3e8e17
2258	1c6731
2259	59f674
2260	637094
2261	b45758
2262	d14a05
2263	9b0947
2264	094d9f
2265	fa3dae
2266	773f94
2267	730591
2268	4d0056
2269	a8b960
2270	5aa3ab
2271	73a816
2272	18e16b
2273	e4d2b4
2274	b94cd0
2275	0d1bdb
2276	41c164
2277	92985d
2278	f95887
2279	4ca7fc
2280	e62ab2
2281	37f181
2282	170a3f
2283	38d293
2284	dc5fad
2285	495107
2286	e8097b
2287	b702df
2288	956d36
2289	62ea51
2290	e8e0a4
2291	55111a
2292	e4a222
2293	48f754
2294	08c4bd
2295	1a5777
2296	ca3891
2297	46cb8b
2298	4924ac
2299	81f0d7
2300	a3bd8c
2301	641007
2302	8ee2c6
2303	e19785
2304	3baf83
2305	0c5b0d
2306	a617d6
2307	4491bb
2308	d9e40f
2309	45e2d8
2310	468195
2311	da0cf8
2312	8ac658
2313	119c64
2314	99fcdf
2315	a7f999
2316	2bbd72
2317	ade899
2318	209847
2319	034587
2320	f058f0
2321	4b6ba2
2322	d46d79
2323	f316a5
2324	220aea
2325	0d7de5
2326	094454
2327	fed04d
2328	106fb7
2329	168117
2330	6f2ef3
2331	46f911
2332	d37f7c
2333	9f37b7
2334	342c0b
2335	d49402
2336	8e5081
2337	c67948
2338	c219d9
2339	4fa84c
2340	7bad41
2341	3b5a6a
2342	a3c2b4
2343	060396
2344	4ded8b
2345	4fa6b7
2346	c8d6ca
2347	baf2f4
2348	6876a4
2349	420da0
2350	cbd8a1
2351	a169ca
2352	25e4e2
2353	d9c2f4
2354	6bbc97
2355	15eaea
2356	965652
2357	165877
2358	b82381
2359	758aaf
2360	471e34
2361	925018
2362	c1cb84
2363	3bcea4
2364	8a3de7
2365	61bfb8
2366	9e92d1
2367	8879b5
2368	c53827
2369	70926e
2370	15762b
2371	861528
2372	7cecb6
2373	9a02b5
2374	23e01f
2375	ca4c30
2376	eb0ab1
2377	3e364e
2378	0a3e2c
2379	40b9f8
2380	b5fe6e
2381	d7e32d
2382	ff4e5e
2383	3f56b4
2384	8856d8
2385	f7d82e
2386	d1fbb8
2387	b5e4ae
2388	03e9d6
2389	876135
2390	e312c0
2391	52fb0f
2392	8365fa
2393	14e105
2394	f2b7d1
2395	aa0fd3
2396	fe7fa3
2397	9e8162
2398	431c53
2399	19b100
2400	d0a444
2401	d93411
2402	924448
2403	b13a1c
2404	751746
2405	f7c3ce
2406	3c0de2
2407	06bc49
2408	6f0479
2409	a38639
2410	373970
2411	0d753b
2412	35dad2
2413	792d2d
2414	8c85f4
2415	8bd9ec
2416	f2957e
2417	a7f885
2418	fce9c9
2419	868c0f
2420	e15a1d
2421	e024f4
2422	98f99d
2423	f1ad18
2424	b80f24
2425	111466
2426	2c0726
2427	3a6853
2428	e3bd48
2429	7ebde5
2430	4f5dbb
2431	97cd88
2432	fbea1d
2433	2611e5
2434	381338
2435	dfbaae
2436	8841fd
2437	65ff09
2438	3c2cd6
2439	90b496
2440	dfd87c
2441	6a6e16
2442	1715c9
2443	f57e21
2444	4c5a25
2445	aca7c6
2446	9880de
2447	cf6a2f
2448	ba460b
2449	9fe71d
2450	1a9369
2451	76460f
2452	4ca2db
2453	41ffcd
2454	9c298b
2455	0552c3
2456	e4a556
2457	d25d0e
2458	eb44e1
2459	df43d8
2460	e9c977
2461	9c92e8
2462	4acb26
2463	b3b114
2464	6c8f4a
2465	a37dea
2466	15acd7
2467	d5064e
2468	a7e801
2469	995fca
2470	749b69
2471	3ff9fe
2472	90e012
2473	3acdf0
2474	368c13
2475	59a02b
2476	eb196d
2477	e4fe07
2478	57b91a
2479	6cd033
2480	6f7fff
2481	7684d7
2482	bbf23c
2483	e07923
2484	1695e9
2485	548d46
2486	316e3e
2487	eafaee
2488	276dea
2489	2b4d79
2490	505c8f
2491	5b41ec
2492	bf0302
2493	cdb8c2
2494	681cad
2495	eca991
2496	4c827b
2497	ed2a8e
2498	d7779b
2499	2438da
2500	46afdd
2501	c8e49d
2502	2d6bd9
2503	056e43
2504	88c778
2505	3b8dcd
2506	da1a66
2507	6229df
2508	7161fa
2509	4351b7
2510	6ed1aa
2511	6f8858
2512	575068
2513	11a1c5
2514	516feb
2515	bf2591
2516	0b3875
2517	144bff
2518	efc82d
2519	a6b579
2520	3b65e5
2521	b4c31f
2522	9f50be
2523	4f3def
2524	202713
2525	86754e
2526	380c4a
2527	bdf0d5
2528	4f6a7b
2529	afb642
2530	48d5bb
2531	6856fa
2532	c66b0f
2533	02861f
2534	08380e
2535	a9094b
2536	993f56
2537	e1b887
2538	1522f0
2539	e19b0e
2540	20fdd9
2541	ca7866
2542	88dfe6
2543	1503a0
2544	277f64
2545	4c21a2
2546	186c6f
2547	531f4a
2548	9f9e4e
2549	0135ef
2550	3cedb8
2551	217c91
2552	d307b9
2553	292395
2554	024475
2555	4d3f51
2556	cf5b47
2557	c38af1
2558	f31acc
2559	af82a7
2560	05cdca
2561	d49e69
2562	3ca87f
2563	68b2f4
2564	21adcb
2565	aaaa65
2566	d3a566
2567	76b696
2568	44269b
2569	01ec21
2570	964394
2571	098a59
2572	804f14
2573	31054c
2574	c6351e
2575	303d15
2576	6b7cbd
2577	4eef6b
2578	847548
2579	710b8b
2580	a0db97
2581	b2d9cc
2582	e4755c
2583	e9fd22
2584	4cfa38
2585	5551b7
2586	dec8ca
2587	96b03b
2588	a9c2dd
2589	9012b1
2590	ccce69
2591	3c5756
2592	ef1919
2593	d8202f
2594	d521b2
2595	bf7315
2596	df625d
2597	dd3386
2598	c111e9
2599	220868
2600	d4409d
2601	48c4e5
2602	72a283
2603	2f3324
2604	0fc4bd
2605	07daae
2606	aec25d
2607	c4ff7d
2608	212bac
2609	9e9542
2610	44defc
2611	1cb067
2612	cd5fba
2613	a3a85b
2614	76c275
2615	604d3a
2616	911446
2617	eae913
2618	21b4d9
2619	d80228
2620	7db2a5
2621	2c544c
2622	f419c1
2623	90fa46
2624	7f62e9
2625	6b27ea
2626	626ec4
2627	859bb8
2628	226ffc
2629	1fdc45
2630	a0043c
2631	0f52ea
2632	64433f
2633	5e028a
2634	f909b3
2635	b84488
2636	5fb12b
2637	1f3dad
2638	572517
2639	41d0e6
2640	ba7efd
2641	3b8b7d
2642	a469c7
2643	d4b9da
2644	3613c4
2645	466f03
2646	ff2913
2647	78cfc4
2648	493091
2649	0e6426
2650	a7a2fe
2651	409536
2652	16b750
2653	26e396
2654	051f42
2655	181689
2656	369f8e
2657	ac81e2
2658	d5617a
2659	bf966a
2660	1c3665
2661	e18844
2662	31fa11
2663	bc35e2
2664	9ac0b8
2665	d260cc
2666	02b19c
2667	2e6cb0
2668	069058
2669	ae29c7
2670	c550ee
2671	42c950
2672	48e462
2673	defdfe
2674	97b2d2
2675	d08c54
2676	e24af2
2677	b9ec2d
2678	ec5a3d
2679	f72f1b
2680	cbf588
2681	4cb964
2682	9841f6
2683	3cca00
2684	979257
2685	f212bf
2686	281d86
2687	90cfb4
2688	c7b30b
2689	bcf6e4
2690	74f5d7
2691	21508c
2692	02bcab
2693	6a3d15
2694	9768e5
2695	09edde
2696	78d5f5
2697	a025de
2698	49f04f
2699	9f009c
2700	616bd3
2701	8ed6ac
2702	df7e09
2703	472164
2704	6e4c6b
2705	a72e8f
2706	dc8d3a
2707	744f9d
2708	091bb9
2709	b5564b
2710	a4fd75
2711	432c43
2712	7e2f3a
2713	eaa91e
2714	022972
2715	56e4ab
2716	007faf
2717	609926
2718	fe6a5f
2719	14c960
2720	0ac379
2721	65c4a7
2722	fe41c6
2723	fa241a
2724	0fc078
2725	ce0055
2726	0aa0c1
2727	3412ff
2728	d91d6f
2729	38e3b4
2730	d9cf7f
2731	eb6a74
2732	f4484f
2733	65e038
2734	52b05a
2735	d16d19
2736	5da7de
2737	1b59d9
2738	b723d1
2739	847b89
2740	46bcf7
2741	813afc
2742	4122e8
2743	61c44b
2744	a94d66
2745	ddb2f0
2746	c99cc2
2747	12edea
2748	e313d0
2749	8840db
2750	62fd1a
2751	59454f
2752	7246f8
2753	a5b292
2754	8189fe
2755	d33d29
2756	0726b4
2757	37feab
2758	f94a46
2759	12df89
2760	b7982f
2761	260f19
2762	e5beb2
2763	50059a
2764	e22615
2765	f4dfb6
2766	f841b8
2767	35ed2a
2768	ecd690
2769	4ef36e
2770	d48611
2771	5cfa8e
2772	44856d
2773	152996
2774	fb04af
2775	b05bbd
2776	085731
2777	28d122
2778	38610d
2779	674378
2780	c4f772
2781	82c3d5
2782	3d4870
2783	b5c962
2784	da5f4e
2785	ec5bd3
2786	5c841a
2787	7385c9
2788	3111bb
2789	41001c
2790	803e0d
2791	404f79
2792	1a7e2e
2793	d526e6
2794	663992
2795	f2f9e3
2796	2fddbc
2797	ff065f
2798	48f971
2799	872971
2800	c2efaf
2801	aa19a4
2802	314d8e
2803	c8152b
2804	107830
2805	4271e6
2806	881140
2807	52d411
2808	acb3c3
2809	2951c0
2810	648956
2811	57ae4d
2812	690506
2813	823c8d
2814	c90af3
2815	be1b59
2816	ad00b2
2817	efaa75
2818	2203f5
2819	1cc304
2820	987da6
2821	74ad7e
2822	0533c4
2823	833a4e
2824	c9ea2a
2825	6f083c
2826	3d46d3
2827	06e5d9
2828	13626b
2829	3c8d9e
2830	4fb577
2831	6f5e5c
2832	3d9b67
2833	05ef15
2834	d483db
2835	fcb380
2836	4c9555
2837	221db2
2838	d658b9
2839	c4e43f
2840	2b6fd6
2841	6121f5
2842	a5d4f8
2843	9c5377
2844	96b47e
2845	d0348e
2846	07c444
2847	bdf3f7
2848	9453f4
2849	45c304
2850	d65610
2851	381739
2852	74d028
2853	3199db
2854	835df8
2855	fc44d9
2856	fc7549
2857	4b59a7
2858	bceb07
2859	d31201
2860	e5b90c
2861	07d0a0
2862	cefe7e
2863	b7d241
2864	897c35
2865	0b4663
2866	7cad5b
2867	127de8
2868	a925a6
2869	4cef22
2870	3acdfb
2871	992ac8
2872	8bbce6
2873	876cef
2874	5d3f31
2875	40aa85
2876	fe5904
2877	a89c11
2878	5e69eb
2879	63c979
2880	84aa5a
2881	ddc13f
2882	217817
2883	be18e3
2884	f08a14
2885	2817f8
2886	26e195
2887	07dc0d
2888	537051
2889	074feb
2890	a45385
2891	b402b7
2892	ed303f
2893	585499
2894	a97531
2895	cf8f5f
2896	ed413e
2897	b5d040
2898	119b18
2899	d03db0
2900	7010b9
2901	9d0546
2902	51a75a
2903	ed8bb2
2904	a1a3e8
2905	8633ca
2906	b7c0bf
2907	bfcdb2
2908	0b1c19
2909	46f4d0
2910	a90e0e
2911	cd20a9
2912	31201f
2913	e617dd
2914	2b5b20
2915	6eeccf
2916	2e3a5f
2917	f6221b
2918	8b2f51
2919	1ddcdc
2920	fe229c
2921	e7334f
2922	1bd989
2923	2aa041
2924	d402c0
2925	b52f12
2926	33355b
2927	2bc2f0
2928	a5d6c7
2929	790ef4
2930	965fd3
2931	5cbb74
2932	136169
2933	6ebeb2
2934	75acdd
2935	48f769
2936	7846b5
2937	270ca3
2938	5c0ecb
2939	228175
2940	8db19f
2941	d394ed
2942	59a903
2943	ffa399
2944	8e6937
2945	24dd4f
2946	47274f
2947	54155a
2948	19caaa
2949	e6694d
2950	411600
2951	08b529
2952	d47e97
2953	44f1cc
2954	25e101
2955	02bb04
2956	0c6ad6
2957	9a3c9a
2958	026c73
2959	dff45f
2960	be9284
2961	d19ff2
2962	f7520c
2963	38b7db
2964	c71d0e
2965	f17a46
2966	fb7605
2967	17ca17
2968	3cf9d3
2969	fb3e89
2970	9f1f18
2971	f77665
2972	2651b7
2973	d29ab9
2974	e4c84a
2975	1d3696
2976	445bec
2977	8b1fe2
2978	80f4e8
2979	a63148
2980	691e1d
2981	e5bf7d
2982	2c768a
2983	524363
2984	a31b69
2985	874b3e
2986	749272
2987	38b43b
2988	5a0c88
2989	01e9c3
2990	b59c96
2991	4b3cc7
2992	ff093f
2993	0a9af3
2994	cb5551
2995	8d4e6c
2996	7c4298
2997	f0feb5
2998	6b35a7
2999	b3aa6a
3000	2ca63e
3001	653aed
3002	ed3e8a
3003	b3289f
3004	b2636f
3005	df3f32
3006	2d7a4d
3007	203c62
3008	ae165f
3009	20f4fc
3010	473b89
3011	273158
3012	18b4a0
3013	200c50
3014	61e93f
3015	3ac406
3016	01b6c2
3017	0d7506
3018	ca1a6a
3019	1fccfb
3020	dbeb10
3021	0a12cc
3022	0a8b0b
3023	d8f4d1
3024	8e8374
3025	df5a37
3026	542528
3027	f92fb3
3028	5347c1
3029	39b8b5
3030	69fde7
3031	da06c8
3032	c4c8e1
3033	76de9b
3034	493c51
3035	a9981c
3036	497477
3037	6c937e
3038	dfb055
3039	d5b698
3040	9ec617
3041	df9da1
3042	3a6b4e
3043	8d1702
3044	da603b
3045	88254c
3046	fb6e94
3047	11bc72
3048	360f4b
3049	c4e328
3050	00262f
3051	43b113
3052	7714c7
3053	f081ed
3054	61cd46
3055	393589
3056	e0936b
3057	f3fbc8
3058	f7c6be
3059	89ef6a
3060	03a136
3061	409c8f
3062	4e2bdc
3063	51d7c5
3064	a5bea1
3065	d4f9c4
3066	099838
3067	2fa934
3068	367226
3069	e925e7
3070	de51ed
3071	507fd3
3072	3946e2
3073	12a0fb
3074	ba2be6
3075	893743
3076	5d90a6
3077	f01f8e
3078	96eda9
3079	dd4ec6
3080	24371d
3081	3be891
3082	29aecd
3083	b07417
3084	f21a7e
3085	6019d7
3086	a456e6
3087	460cb7
3088	22bb6e
3089	6b4e4d
3090	e4ebc4
3091	bb1531
3092	7fd277
3093	417af2
3094	443d47
3095	9bb3f2
3096	aff676
3097	c1a8d1
3098	cf5375
3099	da21fc
3100	da96ce
3101	dc7797
3102	524b4c
3103	a2ff36
3104	5167e5
3105	2f9f07
3106	bcbdb5
3107	b97d67
3108	63e299
3109	ae8f5e
3110	2301d6
3111	2069a9
3112	3a5ed7
3113	b41e69
3114	417662
3115	bec356
3116	0da0c8
3117	9f7540
3118	b50184
3119	9fa250
3120	e583f3
3121	c608b9
3122	3f88be
3123	3a7648
3124	f3e572
3125	08e5a3
3126	09f762
3127	571406
3128	4b1cd9
3129	6f573c
3130	374a4a
3131	b92613
3132	37a580
3133	c6650d
3134	921e47
3135	a25c91
3136	e5a610
3137	6a2e82
3138	afeeb5
3139	a1487f
3140	b98b88
3141	037496
3142	fde60d
3143	8fc3cf
3144	d1aae4
3145	d58545
3146	fd688f
3147	581efb
3148	a6743a
3149	8d3bbf
3150	99c796
3151	2cc186
3152	f523c8
3153	12fa91
3154	64a141
3155	5e89e2
3156	45397d
3157	029574
3158	0b54ae
3159	ed3dc3
3160	a22497
3161	8ef731
3162	26c85f
3163	227491
3164	315175
3165	83401c
3166	791a97
3167	c9d382
3168	b9cd21
3169	dac333
3170	8d1f76
3171	212a18
3172	ee919f
3173	bffcb2
3174	584ee5
3175	439430
3176	6a523b
3177	330a27
3178	ecebc7
3179	a3f6fb
3180	d404cb
3181	a4ff2c
3182	5cb42e
3183	d2f303
3184	f06c15
3185	71f3b3
3186	533583
3187	c5db75
3188	896c00
3189	ee4d6c
3190	1da45f
3191	933e48
3192	f51a27
3193	41905b
3194	1cf814
3195	febf8b
3196	fe41de
3197	ec0ffb
3198	d7bd92
3199	8f2f55
3200	7ef47e
3201	6ad102
3202	b0a99c
3203	9218e7
3204	a041cb
3205	6387a9
3206	7cfc1a
3207	c6904e
3208	67231d
3209	17b15b
3210	ede4d9
3211	b56931
3212	afada0
3213	136590
3214	76e480
3215	1c280d
3216	0b181e
3217	324b8b
3218	c4a990
3219	c051d1
3220	42b5f5
3221	1e0da0
3222	bfea59
3223	ef1e72
3224	929ccb
3225	01907d
3226	67b67e
3227	d6c5f0
3228	85abac
3229	a74165
3230	1e9c12
3231	d2960e
3232	69e685
3233	9e6fb8
3234	01feca
3235	1edb2b
3236	6bd62c
3237	d1d7f8
3238	2031c1
3239	a67c94
3240	dd5f03
3241	8c10f5
3242	429207
3243	a1d475
3244	e7c00a
3245	6c77e7
3246	dd8e45
3247	d6e6a4
3248	adfa80
3249	498dbc
3250	651351
3251	d02d6f
3252	08cd34
3253	6d53e8
3254	ebc2c4
3255	fecd46
3256	b5f790
3257	bebd5b
3258	429802
3259	0b1c9f
3260	399e19
3261	6a4917
3262	7ace8f
3263	1fdced
3264	951a45
3265	e68341
3266	f55fe3
3267	92bad4
3268	de6d40
3269	549def
3270	6c424d
3271	f01e8f
3272	c47cc2
3273	182ba4
3274	af27f5
3275	9b00d7
3276	caff0d
3277	1b3289
3278	b25b51
3279	c8a09b
3280	9425c0
3281	185be1
3282	8e2ad9
3283	8f463d
3284	f7ddd0
3285	98594f
3286	c5ec1a
3287	fcc223
3288	ed4e75
3289	594129
3290	6e7b7d
3291	86e003
3292	41557c
3293	cb578a
3294	aaf6d6
3295	bba98e
3296	d0878e
3297	018006
3298	f0b01d
3299	11efe3
3300	698283
3301	5c2859
3302	fa741c
3303	24d7a8
3304	cf86da
3305	e6a16a
3306	0b4abf
3307	f9f381
3308	53e075
3309	d5f8f0
3310	eac29b
3311	3e2813
3312	f494db
3313	c7ec9c
3314	14d135
3315	6f9491
3316	cec2bf
3317	d5d5b9
3318	681f33
3319	37344a
3320	c6dc50
3321	3d9e58
3322	0375b0
3323	346c04
3324	131d67
3325	ce1e79
3326	52e21e
3327	bf0eb3
3328	421153
3329	1c9746
3330	9427e7
3331	2b84ea
3332	6b437d
3333	762210
3334	c20787
3335	a942ef
3336	04e755
3337	4cb989
3338	21e093
3339	0d8bbb
3340	750174
3341	4c64a7
3342	b3dc55
3343	8e89fd
3344	918fbf
3345	a2d203
3346	496ce7
3347	29148d
3348	43bd13
3349	a64a02
3350	8a7591
3351	9cf37c
3352	96a513
3353	ede1ab
3354	5ce0a8
3355	0d6387
3356	ee1972
3357	2d3730
3358	70ba4d
3359	948f0d
3360	bdb33d
3361	b4be4d
3362	287e8d
3363	8a5038
3364	7115b5
3365	7b8d9b
3366	27ee04
3367	58d177
3368	b775ad
3369	1f6426
3370	57b956
3371	5e73fb
3372	f74400
3373	7405c1
3374	eb39ae
3375	0598ed
3376	38a046
3377	bc3259
3378	156524
3379	d05024
3380	315682
3381	2c16ef
3382	6b7eb6
3383	198377
3384	2b8ca2
3385	f71f5c
3386	ccca10
3387	adda3d
3388	8f55c5
3389	f703be
3390	5912ac
3391	a0e36d
3392	dfe36d
3393	40a89c
3394	9ffe99
3395	baadb0
3396	691629
3397	6e5828
3398	896388
3399	100aae
3400	f7321d
3401	8c2a94
3402	153acb
3403	90f2a1
3404	01f9f9
3405	1a57e8
3406	a671a8
3407	b75e0e
3408	9c84ba
3409	352d44
3410	d33f4c
3411	44bb00
3412	0e4bdc
3413	61f3de
3414	1a7787
3415	72d5b3
3416	6a0c58
3417	3235a5
3418	2eb6c4
3419	1ac96f
3420	bb0777
3421	d1fed2
3422	a4faaa
3423	529d8f
3424	6374bb
3425	ae6dce
3426	dd8adf
3427	ed4f71
3428	aa4e05
3429	5b26ba
3430	6016a4
3431	38fadf
3432	f837d4
3433	ed954f
3434	5f9959
3435	10e826
3436	40b108
3437	f90843
3438	bf483c
3439	ad43ba
3440	4a683a
3441	1aa20d
3442	1f9112
3443	fec532
3444	32c5c9
3445	ef6429
3446	7195f4
3447	3d54f7
3448	19f92b
3449	c9f6b4
3450	4c28d8
3451	c7e8e0
3452	c16126
3453	6e936a
3454	4e5416
3455	2c5429
3456	37a07d
3457	5d1a0d
3458	f33b71
3459	5c4d4d
3460	60db67
3461	58f504
3462	2528ef
3463	04a5df
3464	6af1dc
3465	f91bfa
3466	72e38f
3467	289dad
3468	58c071
3469	55a55e
3470	cc8d85
3471	0867f5
3472	414921
3473	049daf
3474	69b9c2
3475	ebf587
3476	854110
3477	e4d824
3478	58d11f
3479	962640
3480	aa4edc
3481	f9212a
3482	4d1484
3483	87999e
3484	727bda
3485	cb6340
3486	fc3f8a
3487	fd932e
3488	6df27c
3489	6712f0
3490	894034
3491	2d3153
3492	f68a63
3493	2b2bc0
3494	467e50
3495	bc182e
3496	502df5
3497	6108d9
3498	33d46d
3499	9dc41a
3500	68f512
3501	35c108
3502	a53b07
3503	78e6d2
3504	e0906c
3505	cb7c39
3506	1ddc78
3507	42fa4e
3508	fffed7
3509	4aa524
3510	56c7b9
3511	faa395
3512	a0d6fa
3513	fa818d
3514	70bb92
3515	a31218
3516	92ebdc
3517	094bfe
3518	bd4330
3519	8eddc4
3520	450b4d
3521	298633
3522	f9f86e
3523	4163b0
3524	7299e1
3525	e0505e
3526	46e977
3527	c3741d
3528	e45d36
3529	374f10
3530	37953b
3531	7572f1
3532	652d03
3533	3d6d24
3534	8cd0ef
3535	407f73
3536	066965
3537	f9cacd
3538	b38c9f
3539	c7d1f4
3540	32a1aa
3541	fd79a3
3542	cebca5
3543	d31c85
3544	457d02
3545	8881d7
3546	e1ba22
3547	a65ca2
3548	890197
3549	efd398
3550	62b516
3551	6897a3
3552	51dd23
3553	7d55a0
3554	cdf06a
3555	2e9771
3556	492f3e
3557	be95c9
3558	b8cada
3559	01224c
3560	c4780f
3561	0b6a12
3562	c432b2
3563	00ba22
3564	756f3c
3565	edab14
3566	88d7d1
3567	8b5f51
3568	c31cb0
3569	d79fdb
3570	5d6b17
3571	201c37
3572	07ad1e
3573	b96283
3574	2cdc71
3575	1775ff
3576	69d331
3577	5c489d
3578	b1a6bf
3579	d30168
3580	084b8e
3581	8f525d
3582	9c90af
3583	cfc62a
3584	839e9a
3585	457655
3586	4e567f
3587	4e32fc
3588	c513b2
3589	c0fe79
3590	e8bb54
3591	1dca64
3592	130d50
3593	7a2ca0
3594	49691d
3595	a32acd
3596	e1f5d2
3597	48dc6e
3598	ea5052
3599	c298e1
3600	d1c973
3601	4187d4
3602	1743b7
3603	cf7b5b
3604	a8e927
3605	1874ec
3606	2e0f63
3607	28e1c0
3608	d2c7c9
3609	1d69d8
3610	684404
3611	ff00e6
3612	740a22
3613	57389e
3614	2075e2
3615	abe03c
3616	4bb13b
3617	edd7e6
3618	130b9c
3619	ff3dc6
3620	f8dda7
3621	4495a3
3622	9bd3ed
3623	bbd19e
3624	1d36e1
3625	410fa7
3626	55d946
3627	ba095a
3628	82aff0
3629	16b938
3630	eb81f8
3631	3500a1
3632	2fc5ee
3633	aa9a86
3634	9240b7
3635	5bfd2f
3636	c181c9
3637	9a9c6f
3638	0da72a
3639	0c39a7
3640	af3ad3
3641	8facf0
3642	c77c71
3643	1eeefe
3644	47c930
3645	7315e0
3646	7dd2df
3647	6a0575
3648	c5c46d
3649	bbf2d9
3650	a939be
3651	75ddb6
3652	adfc97
3653	eb2b49
3654	a02921
3655	107ffa
3656	477816
3657	7dbf1d
3658	5902be
3659	321cd2
3660	3b77b7
3661	a56152
3662	053346
3663	176064
3664	f85bfa
3665	db2dcb
3666	6a82e9
3667	a44e65
3668	adf556
3669	51458d
3670	ef243c
3671	c95343
3672	a9ff54
3673	e39142
3674	ed2f95
3675	cd9722
3676	89b204
3677	f519f1
3678	94e4b0
3679	fbf42d
3680	5f3137
3681	56065a
3682	3ea52a
3683	3e8a05
3684	efaa34
3685	420607
3686	adfaa3
3687	b8e5bb
3688	925176
3689	003b90
3690	c63e96
3691	af8ad2
3692	b27b31
3693	c4bca9
3694	b8a38d
3695	a5cab3
3696	71ee50
3697	c221cf
3698	17e55a
3699	eb52e6
3700	78d7fe
3701	a17185
3702	766331
3703	50c206
3704	b9f873
3705	a57f39
3706	911023
3707	4a84e6
3708	4fefa9
3709	d89971
3710	9e85b7
3711	7c900f
3712	2274e0
3713	290348
3714	8e1e0e
3715	ee805e
3716	05bbdc
3717	76a2c0
3718	990aa0
3719	67fe2b
3720	380fd3
3721	dbb941
3722	4ede0c
3723	7e4e2b
3724	a9ecb1
3725	48dbcc
3726	17d87a
3727	cafd66
3728	7b07b7
3729	f2e500
3730	0c0822
3731	6eb397
3732	299542
3733	1bd901
3734	5e3f64
3735	9fff68
3736	d7d4b9
3737	dff150
3738	b5113a
3739	8f9324
3740	85d88a
3741	1f24bc
3742	6fa6e1
3743	061ddc
3744	81273a
3745	bf28c8
3746	bcd1e2
3747	f1f51c
3748	f32d5f
3749	d3014a
3750	07a133
3751	31846a
3752	ef74ef
3753	9b7141
3754	022f26
3755	7398bc
3756	755ed4
3757	f4568c
3758	89e744
3759	72d98a
3760	c495d1
3761	a2003b
3762	ad8e43
3763	d2571f
3764	606c21
3765	9683fa
3766	6abc16
3767	8d4f8f
3768	e45ebb
3769	2a4cf3
3770	e8e4fc
3771	0af841
3772	529657
3773	c57277
3774	9ad7af
3775	a1186c
3776	9dbd3b
3777	ce285a
3778	d3c666
3779	9a330a
3780	742c6e
3781	dfd322
3782	84e0a4
3783	51ba5c
3784	6ff936
3785	7d314b
3786	7700f2
3787	8f4062
3788	8b7440
3789	0eff67
3790	17f883
3791	1f710e
3792	3b69db
3793	3bb0c5
3794	551d37
3795	3f7bf1
3796	cbd0a3
3797	edb998
3798	9fdae2
3799	5e2881
3800	03f631
3801	a8e818
3802	5cbfe8
3803	3c2957
3804	a18545
3805	eeea5c
3806	6a21bf
3807	872699
3808	7f171e
3809	b6754d
3810	c4cb95
3811	c7503d
3812	4c31bd
3813	9cd650
3814	db2156
3815	c88848
3816	da58e7
3817	589897
3818	168dfd
3819	9bf43c
3820	251ddf
3821	1855c0
3822	9b00ca
3823	d10657
3824	efc0b5
3825	fbd130
3826	0f086f
3827	1ecc95
3828	ed2384
3829	e1aa69
3830	0ef3b9
3831	bb5c32
3832	ca4477
3833	4f6411
3834	8de42d
3835	ab20ac
3836	3d9ba3
3837	3b94ba
3838	3d50ea
3839	739a79
3840	17c208
3841	80a703
3842	0a3612
3843	d976a5
3844	12125b
3845	00e905
3846	c953fe
3847	381a35
3848	b00e79
3849	d9617a
3850	428560
3851	154de2
3852	8c118b
3853	51bba4
3854	3a5725
3855	288e76
3856	c29af6
3857	481d3f
3858	14d9ab
3859	b00267
3860	fbd7ee
3861	a00839
3862	599f0e
3863	7421a6
3864	106fcf
3865	e5c073
3866	5a54a2
3867	91b6fd
3868	ff01e2
3869	fac3ba
3870	01b9f3
3871	61884a
3872	7a7885
3873	ddbf9a
3874	98cc2b
3875	8d0714
3876	6f8c57
3877	a1120c
3878	3cf3a7
3879	80dcca
3880	f309fd
3881	a0afaf
3882	fdc148
3883	b3f327
3884	253985
3885	d2358d
3886	db743f
3887	da73c4
3888	14ea7b
3889	f68296
3890	58c98d
3891	0f61a4
3892	7e72c9
3893	492b32
3894	686281
3895	0c60f3
3896	d6e805
3897	6eed64
3898	04b746
3899	6f80a2
3900	a9ccde
3901	dba29f
3902	adcf4b
3903	b6aa13
3904	144b89
3905	83d3c7
3906	5c4f69
3907	7ed6be
3908	3bace1
3909	3c6647
3910	60200e
3911	1f7e60
3912	f494e3
3913	db19f3
3914	393512
3915	93d852
3916	7ae1a9
3917	fbf337
3918	049479
3919	d7211f
3920	8d600d
3921	81ab29
3922	1120cb
3923	fe78d5
3924	2f2a53
3925	0df714
3926	dcce28
3927	de9470
3928	8baa3c
3929	8d3ccd
3930	40df8e
3931	8e86ce
3932	529675
3933	3fa29e
3934	1bd241
3935	9d07c3
3936	4c053c
3937	106a50
3938	64ad73
3939	d53883
3940	ae5228
3941	956ca8
3942	3a7e31
3943	e4f613
3944	8a8ec4
3945	04a54d
3946	1d837c
3947	cb6469
3948	639a1a
3949	046473
3950	4b63e3
3951	a9f7ac
3952	dfec2d
3953	59c573
3954	048ffe
3955	ab84f6
3956	4d3c48
3957	eb0fd0
3958	205d67
3959	775a67
3960	b686d2
3961	e3da9b
3962	988cb1
3963	83abe3
3964	a7aab4
3965	08dbe9
3966	d6bd78
3967	73f979
3968	1f61ef
3969	47005a
3970	ae9ba7
3971	70241d
3972	2cba5e
3973	456356
3974	439f19
3975	f8b0a8
3976	7bc097
3977	5418f9
3978	9f02ee
3979	6a2081
3980	8c9d10
3981	3a29a9
3982	83fdd1
3983	fc2b90
3984	a2a135
3985	fd841b
3986	15e512
3987	800123
3988	8c9abd
3989	15b44d
3990	938e69
3991	d22473
3992	e52cf3
3993	33ef11
3994	5d8334
3995	b896b9
3996	aee92d
3997	fa1b2e
3998	b40684
3999	47c472
4000	2db1c8
4001	13646f
4002	3a3f26
4003	6c4681
4004	cd5fa7
4005	e7c154
4006	105175
4007	6732dd
4008	0dfaec
4009	2daee9
4010	03539c
4011	6338e2
4012	1ac272
4013	4212e0
4014	d5ff5f
4015	827f76
4016	3eca0a
4017	3ee7f7
4018	704eb7
4019	bc7822
4020	11e537
4021	95a9b8
4022	219d62
4023	958554
4024	a1fdda
4025	63059c
4026	660417
4027	35301e
4028	bc3856
4029	c52cee
4030	9345ef
4031	0e0d37
4032	2c6670
4033	8b5fc3
4034	da086e
4035	36e061
4036	5b1fac
4037	1fb97c
4038	6be5de
4039	77318a
4040	bc2ece
4041	cdba6e
4042	3f7b0f
4043	408de4
4044	35dc55
4045	965b51
4046	0f5904
4047	492a19
4048	430177
4049	0d8766
4050	876224
4051	c75d12
4052	21711b
4053	31d9d8
4054	bd69b6
4055	0335eb
4056	8130cf
4057	a15343
4058	8a4fbd
4059	8a0067
4060	8fa05e
4061	34fae1
4062	72691f
4063	02f71c
4064	c500a5
4065	2653bc
4066	9fe32b
4067	137520
4068	b7c5ab
4069	11b2d3
4070	173eb3
4071	e12b7a
4072	b92875
4073	a93c0f
4074	ce15e6
4075	bcd9ff
4076	802255
4077	52e8d3
4078	8daa7d
4079	7fbf53
4080	4e2f48
4081	f1f306
4082	d7db65
4083	ba681d
4084	cfc400
4085	99236d
4086	78c802
4087	f85ad3
4088	ecbb8e
4089	d78da9
4090	2b6580
4091	2a50f2
4092	08c572
4093	126d0f
4094	a3c074
4095	8d49a9
4096	6c9275
4097	5e56a6
4098	111574
4099	93297f
4100	10aa96
4101	210fbe
4102	d2f1bf
4103	a86e43
4104	791aee
4105	d992a8
4106	486b51
4107	79451e
4108	172e67
4109	68dd05
4110	8c7bc4
4111	b00532
4112	a39a90
4113	2be7bb
4114	cb0642
4115	c7e69e
4116	5ebdb6
4117	218bc1
4118	426fbd
4119	b47083
4120	e2be59
4121	4591f2
4122	109116
4123	73ae65
4124	986579
4125	540209
4126	0e6ec5
4127	aeb152
4128	53c83f
4129	46f15a
4130	baa1fa
4131	d5d87d
4132	749a1b
4133	122795
4134	416179
4135	0845a5
4136	62b60b
4137	a02279
4138	1aefa3
4139	21ff91
4140	1369f9
4141	f5116e
4142	b60b9d
4143	e019d0
4144	28750c
4145	e8c48c
4146	3f1f13
4147	4c21d0
4148	1466ed
4149	d243b9
4150	47a05e
4151	46d8f0
4152	6c62d6
4153	3f9cea
4154	864ee1
4155	33d5d3
4156	ae8d51
4157	0e5eb0
4158	3e2434
4159	13af2b
4160	785071
4161	756a0c
4162	25d7dc
4163	240168
4164	837dcb
4165	2ceafd
4166	efdd23
4167	ae0cb1
4168	da7113
4169	0bd8ea
4170	0376e8
4171	67d72d
4172	eaab5a
4173	f25146
4174	c1198f
4175	48bbed
4176	6bc493
4177	db549b
4178	d198dd
4179	ab6c4d
4180	a91aa6
4181	d6985e
4182	bd5955
4183	9b8ac0
4184	913555
4185	06c5e3
4186	d88cb4
4187	9f1215
4188	ec6d5a
4189	ef3b50
4190	36dfe8
4191	acb89a
4192	6b6dfc
4193	b29c58
4194	6642b2
4195	949bae
4196	c409e6
4197	cadbab
4198	c4a929
4199	75bd7c
4200	4108af
4201	963319
4202	5fe75e
4203	4f5569
4204	d70f50
4205	c9d1b9
4206	8a0cde
4207	193f36
4208	4a1a79
4209	7c3af2
4210	f7417c
4211	9600c1
4212	dc55ff
4213	0a05ad
4214	8c8d40
4215	b60213
4216	a1bbf6
4217	bc52f3
4218	735123
4219	8dad73
4220	de1226
4221	dccff3
4222	7f1068
4223	f40267
4224	ce568b
4225	0daa2b
4226	0a8f70
4227	b59d9f
4228	b1f416
4229	deea54
4230	e70632
4231	a39810
4232	0a8494
4233	dfb3b8
4234	f429a0
4235	368645
4236	c964fe
4237	fa2990
4238	d71c17
4239	b934d2
4240	62a6e0
4241	73f0fb
4242	c49ea7
4243	0e182d
4244	49da2b
4245	97a441
4246	f0687e
4247	f3c0d4
4248	bab7ed
4249	340d03
4250	e9802e
4251	07fd85
4252	087e39
4253	3ed85e
4254	7a8b2c
4255	25aa00
4256	1b6037
4257	b48bea
4258	a7b321
4259	ed57e2
4260	253a85
4261	b59fa9
4262	7bb272
4263	c97656
4264	29f63f
4265	848f6e
4266	a7cd63
4267	082927
4268	eff9c2
4269	3331d3
4270	0daf34
4271	933151
4272	df0310
4273	d2ac62
4274	49c102
4275	4c19b2
4276	53c2b5
4277	2f0acd
4278	c27656
4279	c3d15d
4280	705955
4281	b03351
4282	cadd06
4283	884a30
4284	2e4497
4285	2c6220
4286	d1c579
4287	1a09e6
4288	2e2985
4289	1e4edb
4290	23ee57
4291	21cb13
4292	7dfb56
4293	4c67b5
4294	779725
4295	4148d3
4296	b7067c
4297	b3ef32
4298	b3c8bc
4299	d8e7a0
4300	abbf6e
4301	81694f
4302	e04e34
4303	18e29a
4304	2448e9
4305	3b7440
4306	7eda05
4307	b4e505
4308	46e59c
4309	120611
4310	58328f
4311	3d5ca3
4312	2ba4cb
4313	0a3a07
4314	0153dd
4315	b3565e
4316	e86020
4317	c6c6b3
4318	e1fdd8
4319	910389
4320	0d3deb
4321	11a0bf
4322	b911e7
4323	5b83ad
4324	361823
4325	510310
4326	499c41
4327	38b7df
4328	936e78
4329	3f4a1f
4330	4c989b
4331	064fbe
4332	002da2
4333	f6281e
4334	dea75f
4335	416139
4336	ff18d2
4337	2ef7e1
4338	c3e73e
4339	10cbf3
4340	301ad1
4341	1e0ac7
4342	c582ac
4343	721535
4344	0add0d
4345	af042a
4346	6d9c07
4347	f91048
4348	dda80f
4349	14f923
4350	3c0019
4351	020670
4352	b9a185
4353	fa2fc1
4354	34f9e8
4355	0f2cbf
4356	cc96af
4357	e5fb13
4358	660907
4359	068924
4360	7f4a4b
4361	556571
4362	f4b6f4
4363	e5b4c1
4364	152850
4365	547300
4366	6b7e67
4367	f16f3e
4368	a075c7
4369	1ab790
4370	e4e026
4371	0b13a9
4372	9cae56
4373	01fd07
4374	7654dc
4375	3d7e14
4376	61aed3
4377	cf6f3d
4378	a687cb
4379	ac4da7
4380	92ed3a
4381	8da202
4382	123d77
4383	333d61
4384	c6b361
4385	925f6e
4386	73e8c3
4387	dcb833
4388	7c1851
4389	e493ae
4390	ce4ced
4391	109211
4392	9db329
4393	e40709
4394	f25f7e
4395	5d5db8
4396	d4067b
4397	65e483
4398	d0b55f
4399	f2de03
4400	3cf887
4401	ce8cd1
4402	304e0a
4403	d57921
4404	7c03e1
4405	89b172
4406	de9765
4407	8c4056
4408	9f37f0
4409	a39577
4410	55ba56
4411	191f3a
4412	af1f4d
4413	3b8ed9
4414	9af179
4415	90f4b9
4416	6f5eb2
4417	55b20e
4418	8f6b48
4419	413891
4420	46c7ce
4421	4f93a6
4422	b87eaf
4423	f51d72
4424	da6fa7
4425	146d5d
4426	8d9b38
4427	208ddb
4428	a0067e
4429	d1d91d
4430	1e61a7
4431	361348
4432	f5634d
4433	38e13e
4434	b7ce03
4435	319281
4436	f83239
4437	429f3a
4438	c2b59f
4439	4a93ac
4440	9b51c3
4441	975ed6
4442	8f43b1
4443	54d4f8
4444	ea9b15
4445	7f73f9
4446	53e1b5
4447	85e7b6
4448	86f27b
4449	6ab9e6
4450	9383bf
4451	dad548
4452	82c130
4453	bcaf5a
4454	c4a5ef
4455	b731ef
4456	a6a7e7
4457	df93b6
4458	b04f69
4459	290b20
4460	a01ef1
4461	6e2d34
4462	3756d8
4463	6652fa
4464	f42e8c
4465	95b52b
4466	bfa25b
4467	1c657f
4468	a23e29
4469	bac85f
4470	67dc15
4471	1d3007
4472	9fe2ca
4473	b5dd15
4474	20e3b2
4475	b0ebd8
4476	ea8f0e
4477	1d478e
4478	732ad3
4479	726759
4480	24559c
4481	126384
4482	503e04
4483	f47f6c
4484	953b32
4485	2c88ea
4486	639643
4487	58f701
4488	eccd45
4489	7ce711
4490	3ebedf
4491	0884bc
4492	818b55
4493	bb245a
4494	e185e4
4495	41270a
4496	2c8460
4497	44e34e
4498	fafa04
4499	d59420
4500	af4d57
4501	d65cca
4502	0a4230
4503	f463cd
4504	92c936
4505	b695f0
4506	1f922a
4507	fbf7c0
4508	d2bb83
4509	548adf
4510	2c8b86
4511	b111c1
4512	035801
4513	182110
4514	8e0e5e
4515	5ea107
4516	b69aec
4517	19cfd0
4518	a02a56
4519	5e1233
4520	a5cd62
4521	910c5f
4522	068f8d
4523	301ed8
4524	43ec3a
4525	e64915
4526	c95b09
4527	df8b13
4528	01ee0c
4529	935fb6
4530	e2e39f
4531	8f65db
4532	d97b21
4533	0a299d
4534	b26034
4535	8812b0
4536	710228
4537	7fb145
4538	3134ed
4539	2c98aa
4540	a37893
4541	dd0a98
4542	6bdd19
4543	5e1a50
4544	1be2d1
4545	fad289
4546	3efa4a
4547	a0a388
4548	a57237
4549	f01b10
4550	f1df58
4551	763586
4552	c10a49
4553	be752e
4554	6bd73a
4555	334ccd
4556	05de35
4557	862c91
4558	9e65be
4559	b4a5ed
4560	173c8e
4561	671658
4562	844518
4563	16d2c0
4564	ba32aa
4565	f51b99
4566	9e76c0
4567	d1b515
4568	a29d62
4569	e53d33
4570	864330
4571	87a0ef
4572	0e4502
4573	5b7b4a
4574	8b5344
4575	e5a95a
4576	4514ee
4577	bbd898
4578	3aa7d0
4579	93bdf6
4580	4a48d7
4581	5fc3ec
4582	b9da69
4583	e2e85d
4584	4b5ac3
4585	944c47
4586	9bfec4
4587	b1e63c
4588	8b9d93
4589	7dd5d6
4590	cb2cbb
4591	7eba69
4592	e2ac6b
4593	87d4d1
4594	2f854c
4595	d9e2b2
4596	b522f6
4597	809a80
4598	6b5a3a
4599	773100
4600	314cf8
4601	878b0f
4602	9f12cb
4603	c56446
4604	de9c69
4605	1745f7
4606	098d93
4607	1db3b1
4608	825c88
4609	24e4b7
4610	c18e8b
4611	ebb07b
4612	df0b8d
4613	59bd84
4614	9ff3d9
4615	d10492
4616	4c85d5
4617	88f45e
4618	a61f04
4619	1fba6f
4620	7d4b37
4621	f1a4ab
4622	86b543
4623	b29446
4624	7f470d
4625	a7958a
4626	6d7c85
4627	c3ba47
4628	83669e
4629	374fbf
4630	edd6dc
4631	c34506
4632	a25c0b
4633	923909
4634	3d0c29
4635	bfb145
4636	5d8e0c
4637	e25992
4638	e950f3
4639	54aabd
4640	d39d47
4641	ab99ba
4642	218bd6
4643	61507d
4644	8901e7
4645	313db6
4646	633905
4647	5ec684
4648	12160a
4649	8c5936
4650	615f6f
4651	22b3da
4652	58a969
4653	fb569b
4654	7fe662
4655	1e7329
4656	61b996
4657	77a1a1
4658	8fea34
4659	f82e93
4660	b8f67d
4661	a57df0
4662	fd04d6
4663	72ad41
4664	b0b0b4
4665	a3dc6f
4666	8e53e0
4667	3b0460
4668	b037bc
4669	7192b7
4670	228604
4671	9ea08e
4672	e70949
4673	061e9f
4674	05050e
4675	b0eb92
4676	0e1ca4
4677	622faf
4678	a8c65f
4679	a209f9
4680	e41515
4681	bb9a42
4682	20478b
4683	a43b15
4684	6896d9
4685	ee2397
4686	aa04da
4687	6e7e56
4688	496a08
4689	ebd10e
4690	801545
4691	b43bea
4692	567621
4693	50340a
4694	36fda8
4695	123cda
4696	3adcc8
4697	e1fb76
4698	94bb22
4699	d55001
4700	03a4e5
4701	ea4cfc
4702	598e10
4703	6f6964
4704	efc766
4705	d7707a
4706	82b40d
4707	6e8b1e
4708	6bc160
4709	7af0d4
4710	2f2e19
4711	c9d9fe
4712	2fa392
4713	404ac9
4714	c6590d
4715	326dd8
4716	9ba0df
4717	570980
4718	cc731d
4719	eed047
4720	cbac0d
4721	8a337a
4722	49e6c8
4723	c0914d
4724	4078ac
4725	86fe74
4726	7bb931
4727	022b73
4728	0f6fdf
4729	36e558
4730	e2f1f3
4731	232959
4732	2a3221
4733	9ec395
4734	ec3c7a
4735	bedb0c
4736	d1e24a
4737	f34e1d
4738	16d054
4739	afc4b7
4740	efd9b8
4741	228a18
4742	1487a1
4743	872047
4744	588931
4745	8ea034
4746	fae959
4747	6c6052
4748	27c585
4749	8bbf4f
4750	8dfb9f
4751	19d011
4752	d10cce
4753	7ac3bd
4754	9fcc5f
4755	f75cb6
4756	b1767b
4757	0b64fc
4758	24125c
4759	3b00df
4760	970674
4761	7bf86d
4762	c160d9
4763	56f337
4764	395979
4765	a05353
4766	d8b12f
4767	ced869
4768	28e200
4769	e81828
4770	33c40b
4771	576c2b
4772	11b3a0
4773	607480
4774	1d4fa5
4775	6b9d95
4776	465ad5
4777	0669c9
4778	4293d6
4779	2a6a38
4780	42285c
4781	b01891
4782	5a9424
4783	7ea1ae
4784	bf9788
4785	2730bc
4786	0afe2e
4787	ed11cc
4788	e8cf5f
4789	29104e
4790	f3c08f
4791	3efae1
4792	76722b
4793	23fcc5
4794	789505
4795	f206d6
4796	1bf321
4797	407cdf
4798	545233
4799	78a5c4
4800	d67be9
4801	f45dc9
4802	d1df16
4803	e975d8
4804	191ff7
4805	26f588
4806	bae86c
4807	5d601d
4808	c684e2
4809	641942
4810	4706ad
4811	23d938
4812	970a8a
4813	77a4a4
4814	24b05c
4815	ba28d6
4816	90d309
4817	5fde84
4818	899cc9
4819	87deb0
4820	912419
4821	d71ee5
4822	aa1b7a
4823	ce93c7
4824	ef7373
4825	b97db6
4826	2afc69
4827	4cf950
4828	e5ecd1
4829	a4c4f1
4830	af1fb7
4831	20e57a
4832	335c0d
4833	2b1be1
4834	44ae08
4835	23f730
4836	db1e4b
4837	bafded
4838	b33313
4839	15e920
4840	9bfc90
4841	2bf52b
4842	2d76d5
4843	4d368a
4844	873d6a
4845	fa9b0c
4846	706d21
4847	1d377c
4848	3fbb9a
4849	ff7adb
4850	e33501
4851	dd6ff9
4852	c254b2
4853	59ac61
4854	93f18d
4855	89dd9d
4856	9c75ab
4857	c2f3fa
4858	558f73
4859	4bbb04
4860	1ef809
4861	1b9a53
4862	aca051
4863	6a7d9f
4864	900eb8
4865	6d184c
4866	905ed5
4867	59ec02
4868	1f7b19
4869	93858a
4870	9a93e4
4871	000140
4872	6558e4
4873	47e8cf
4874	0706e6
4875	7d1474
4876	949eb3
4877	ab2536
4878	cc0838
4879	a9b736
4880	6ccf45
4881	9bcb7d
4882	7712f4
4883	88a3a2
4884	86c2c5
4885	50f1ec
4886	1e973f
4887	2b18bf
4888	1e3c56
4889	f797af
4890	3cd696
4891	eae1f8
4892	29917a
4893	2aac8f
4894	879a22
4895	47155d
4896	5d4c7f
4897	8d27f3
4898	c51eac
4899	f81ee5
4900	84bd1c
4901	87f9a0
4902	77389d
4903	b7904e
4904	945c6a
4905	15cc42
4906	b90e5e
4907	3e01c9
4908	13172d
4909	332eea
4910	d6d2b3
4911	baf138
4912	4465cf
4913	321ba8
4914	f5d26f
4915	d3b56e
4916	d4880c
4917	f3494e
4918	ff342b
4919	f1619c
4920	d5198c
4921	28ccb9
4922	8df321
4923	c01780
4924	7503c0
4925	14b7ae
4926	27a96e
4927	501842
4928	7db23e
4929	9f8d2a
4930	e12270
4931	1828a8
4932	3fab5e
4933	bde091
4934	d0432d
4935	934bf0
4936	c4f06f
4937	0e7fb3
4938	e7ab25
4939	e5f5c7
4940	57550c
4941	4a5033
4942	0b8385
4943	0c24f7
4944	8f2e4f
4945	ee6271
4946	d6933e
4947	e3ce3b
4948	a4ed52
4949	c2ab3a
4950	f02818
4951	e1c0d6
4952	68c770
4953	78671d
4954	b0ee95
4955	8153dd
4956	0ecdfd
4957	4f9310
4958	99e4ec
4959	86e747
4960	175aac
4961	a7de6c
4962	151dda
4963	f5268a
4964	6507a1
4965	676297
4966	6a1eaa
4967	d39704
4968	50946d
4969	d61f07
4970	7cbae5
4971	5d11fa
4972	baeeba
4973	fd5418
4974	198415
4975	d51341
4976	6e4c58
4977	3f54fc
4978	c822f3
4979	103d3d
4980	8000c8
4981	0002f0
4982	e012c3
4983	2f3ddc
4984	4075a5
4985	a15c1f
4986	31b159
4987	742d62
4988	441cfb
4989	c7aa1c
4990	3701a6
4991	8d6187
4992	51af89
4993	94351d
4994	5d4ea7
4995	4a6940
4996	05b81a
4997	c3d3ba
4998	0b1586
4999	90b96f
5000	b958f3
